Dataset,Partition,Model,Temps,%opti,Temps_avec_red,%opti_avec_red,%temps_reduit,%iter,%err_m0,%err_m1,%err_m2,%err_m3,%err_m4,%err_m5,%err_m6,%err_m7,%err_m8,%err_m9,%err_m10,%err_m11,%err_m12,%err_m13,%err_m14,%err_m15,
iris,0,FOCT,71.916296,0.275000,61.059377,5.000000,0.849034,0.625000,0.066667,0.000000,0.033333,0.033333,0.066667,0.066667,0.066667,0.066667,0.066667,0.000000,0.033333,0.033333,0.066667,0.066667,0.066667,0.066667,
iris,0,F,89.169209,0.275000,104.800873,5.000000,1.175303,0.625000,0.066667,0.000000,0.066667,0.033333,0.066667,0.066667,0.066667,0.066667,0.066667,0.000000,0.066667,0.066667,0.133333,0.133333,0.066667,0.033333,
