Dataset,Partition,Model,Temps,%opti,Temps_avec_red,%opti_avec_red,%temps_reduit,%iter,%err_m0,%err_m1,%err_m2,%err_m3,%err_m4,%err_m5,%err_m6,%err_m7,%err_m8,%err_m9,%err_m10,%err_m11,%err_m12,%err_m13,%err_m14,%err_m15,
iris,2,FOCT,15.669660,0.343750,18.857948,4.000000,1.203469,0.500000,0.000000,0.000000,0.033333,0.033333,0.033333,0.033333,0.033333,0.033333,0.033333,0.033333,0.033333,0.033333,0.033333,0.033333,0.033333,0.033333,
iris,2,F,42.605400,0.343750,15.771931,4.000000,0.370186,0.500000,0.000000,0.000000,0.033333,0.033333,0.033333,0.033333,0.066667,0.033333,0.033333,0.033333,0.033333,0.033333,0.066667,0.066667,0.066667,0.066667,
