Dataset,Partition,Model,Temps,%opti,Temps_avec_red,%opti_avec_red,%temps_reduit,%iter,%err_m0,%err_m1,%err_m2,%err_m3,%err_m4,%err_m5,%err_m6,%err_m7,%err_m8,%err_m9,%err_m10,%err_m11,%err_m12,%err_m13,%err_m14,%err_m15,
iris,5,FOCT,227.874571,0.275000,96.653232,5.000000,0.424151,0.625000,0.000000,0.000000,0.033333,0.033333,0.166667,0.166667,0.033333,0.033333,0.100000,0.000000,0.000000,0.000000,0.166667,0.166667,0.066667,0.066667,
iris,5,F,214.877638,0.275000,98.392226,5.000000,0.457899,0.625000,0.000000,0.000000,0.000000,0.000000,0.100000,0.100000,0.000000,0.000000,0.100000,0.000000,0.033333,0.033333,0.166667,0.166667,0.000000,0.000000,
