Dataset,Partition,Model,Temps,%opti,Temps_avec_red,%opti_avec_red,%temps_reduit,%iter,%err_m0,%err_m1,%err_m2,%err_m3,%err_m4,%err_m5,%err_m6,%err_m7,%err_m8,%err_m9,%err_m10,%err_m11,%err_m12,%err_m13,%err_m14,%err_m15,
iris,4,FOCT,236.470882,0.275000,220.554931,5.000000,0.932694,0.625000,0.000000,0.000000,0.000000,0.000000,0.000000,0.000000,0.000000,0.000000,0.000000,0.000000,0.000000,0.000000,0.066667,0.066667,0.000000,0.000000,
iris,4,F,193.103261,0.275000,161.040167,5.000000,0.833959,0.625000,0.000000,0.000000,0.033333,0.033333,0.000000,0.000000,0.033333,0.033333,0.033333,0.033333,0.033333,0.033333,0.066667,0.066667,0.000000,0.000000,
