Dataset,Partition,Model,Temps,%opti,Temps_avec_red,%opti_avec_red,%temps_reduit,%iter,%err_m0,%err_m1,%err_m2,%err_m3,%err_m4,%err_m5,%err_m6,%err_m7,%err_m8,%err_m9,%err_m10,%err_m11,%err_m12,%err_m13,%err_m14,%err_m15,
iris,7,FOCT,81.400059,0.343750,15.293789,4.000000,0.187884,0.500000,0.000000,0.000000,0.033333,0.000000,0.033333,0.033333,0.000000,0.000000,0.033333,0.033333,0.033333,0.033333,0.000000,0.000000,0.033333,0.000000,
iris,7,F,51.934979,0.343750,14.839436,4.000000,0.285731,0.500000,0.000000,0.000000,0.033333,0.033333,0.000000,0.000000,0.033333,0.033333,0.033333,0.000000,0.033333,0.033333,0.033333,0.033333,0.033333,0.000000,
